id,name
1,Cardiology
2,Cardiothoracic Surgery
3,"Dermatology & Venereology"
4,Emergency Medicine
5,Endocrinology
6,"ENT (Ear, Nose, Throat)"
7,Gastroenterology
8,General Medicine
9,General Surgery
10,Geriatric Medicine
11,Gynecology
12,Hematology
13,Hepatology
14,Infectious Disease
15,Internal Medicine
16,Nephrology
17,Neurology
18,Neurosurgery
19,Neonatology
20,Obstetrics
21,Oncology
22,Ophthalmology
23,Orthopedics
24,Pediatrics
25,Pediatric Surgery
26,Physical Medicine
27,Plastic Surgery
28,Psychiatry
29,Pulmonology
30,Radiology
31,Rheumatology
32,Thoracic Surgery
33,Urology
34,Vascular Surgery
35,Anesthesiology
36,Critical Care
37,Dental Surgery
38,Diabetology
39,Family Medicine
40,Colorectal Surgery
41,Pain Management
42,Allergy & Immunology
43,Nuclear Medicine
44,Pathology
45,Preventive Medicine
46,Sports Medicine
47,Nutrition & Dietetics
48,Physiotherapy
49,Burn & Reconstructive Surgery
50,Liver Transplant
