hospital_id,name,address,city
1,Mount Adora Hospital | Sylhet- Noyashorok,"Nayasarak Road, Mirboxtula, Nayasarak, Sylhet-3100, Bangladesh",Sylhet
2,New Life Hospital,"Green Road, Dhanmondi , Dhanmondi , Bangladesh, Dhanmondi, 8200, Bangladesh",
3,Popular diagnostic centre,,
4,Apollo Clinic Dhanmondi & JMI Specialized Hospital,"64, Satmasjid Road Dhanmondi C/A, Satmasjid Road, Dhanmondi, Dhaka-1209, Bangladesh",Dhaka
5,Islami Bank Hospital | Motijheel,"24/B Outer Circular Road, South Shahjahanpur, 31, Shahjahanpur, Dhaka-1217, Bangladesh",Dhaka
6,Popular Diagnostic Centre Ltd. | Narayangonj,,
7,Ibn Sina Diagnostic Center | Lalbagh,,
8,Islami Bank Hospital | Rajshahi,"Medical Mor, Laxmipur, Rajshahi-6000, Bangladesh",Rajshahi
9,Popular Diagnostic Centre Ltd. | Rajshahi,,
10,Faridpur Apollo Specialised Hospital,,
11,BIHS General Hospital,"125, 1 Darus Salam Rd, Dhaka-1216, Bangladesh",Dhaka
12,BRB Hospitals Limited,,Dhaka
13,Bangladesh Medical College Hospital,,
14,Square Hospitals Ltd,"18/F, Bir Uttam Qazi Nuruzzaman Sarak, Panthapath, 12, Dhanmondi, Dhaka-1205, Bangladesh",Dhaka
15,"Layl optical center, Ground floor Stadium market Sylhet",,Sylhet
16,"Prescription point, Habigonj",,
17,New Life Hospital Ltd.,"25/A Green Rd, Dhaka-1205, Bangladesh",Dhaka
18,Southern General Hospital | Faridpur,,
19,Aalok Healthcare Ltd. | Mirpur 10,"House- 1 & 3 , Road-2, Block-B, Mirpur-10, 21, Mirpur, Dhaka-1216, Bangladesh",Dhaka
20,Islami Bank Central Hospital | Kakrail,"30, Islami Bank Hospital Bhaban, VIP Rd, Dhaka, Dhaka-1000, Bangladesh",Dhaka
21,"Popular Diagnostic Centre ,Narayanganj Branch","Bangladesh, 1200, Bangladesh",
22,Medinova Medical Services Ltd. | Malibagh,,Dhaka
23,Apollo Imperial Hospitals,,Chittagong
24,Popular Diagnostic Centre Ltd. | khulna,,Khulna
25,monir diagnostic center,,
26,"Care Specialized Hospital,Lakshmipur",,
27,Popular Diagnostic Centre Ltd. | Kushtia,"City Tower - House No.1, Mir Mosharraf Hossain Road, Coart Para,, Kushtia-7032, Bangladesh",
28,JG Healthcare Ltd.,,Dhaka
29,Health Panda,,Dhaka
30,Meena IVF & Fertility Care,"Block-K, Road-22, House-11, Banani, Dhaka-1213, Bangladesh",Dhaka
31,Aalok Mother & Child Care Hospital,"Block: A, House: 03, Road: 04, Mirpur 10, Dhaka-1216, Bangladesh",Dhaka
32,Ibn Sina Cancer Diagnostic Center | Dhanmondi,"House-47,Road-10/A,Satmasjid Road, Dhaka-1205, Bangladesh",Dhaka
33,Insaf Barakah Kidney & General Hospital Ltd.,,
34,Labaid Specialized Hospital | Chattogram,"O.R. Nizam Rd, Chittagong-4317, Bangladesh",Chittagong
35,Popular Consultation Centre,"Room- 304, Building - 06, House-08, Dhanmondi -02, Dhanmondi , Bangladesh, Dhanmondi, 1205, Bangladesh",
36,Aalok Healthcare Ltd. | (Branch 03) - Pallabi,"2/6 Pallabi, Mirpur (11-1/2), Dhaka-1221, Bangladesh",Dhaka
37,BRAC Healthcare | Mirpur,,
38,Epic Health Care | Chittagong,,Chittagong
39,Omnicare Diagnostic Limited,,
40,Patiya General Hospital,,
41,Aalok Healthcare Ltd. | (Branch 04) - Kochukhet,"Rajanighandha Tower (4th & 5th Floor), Kochukhet, Dhaka-1216, Bangladesh",Dhaka
42,Al-Manar Hospital Ltd.,,Dhaka
43,Health and Hope Hospital,"Bangladesh, 1212, Bangladesh",
44,Aalok Healthcare Ltd. | (Branch 02) - Mirpur 1,"21 Darus Salam Road, Mirpur-1, Dhaka-1216, Bangladesh",Dhaka
45,Aalok Hospital Ltd. | Mirpur Section - 6,"Home-1, Road-5, Block-A, Section-6, Dhaka-1216, Bangladesh",Dhaka
46,Delta Hospital Ltd.,"26/2, Principal Abul Kashem Road, Mirpur-1, Dhaka-1216, Bangladesh",Dhaka
47,Ahsania Mission Cancer And General Hospital (Uttara),,
48,Enam Medical College & Hospital,,
49,Anwar Khan Modern Medical College,,
50,Popular Diagnostic Centre Ltd. | Dhanmondi,"House #16, Road # 2, Dhanmondi R/A, 6, Dhanmondi, Dhaka-1205, Bangladesh",Dhaka
51,Chevron Clinical Laboratory. Navy gate branch,,Chittagong
52,Sasthya Seba Limited,,
53,Medinova Medical Services Ltd.| Dhanmondi,"House 71/A, Road 5/A, Dhanmondi R/A, Dhaka-1209, Bangladesh",Dhaka
54,Labaid Diagnostics Mirpur,"Bangladesh, 1216, Bangladesh",
55,"Brac Healthcare, Kazipara",,
56,Farazy Hospital | Banasree,"House No#15, 19 Banasree Main Rd, Dhaka-1219, Bangladesh",Dhaka
57,Labaid Cancer Hospital And Super Speciality Centre,,
58,Aalok health care diagnostic centre,"01725695669, Mirpur 14, Bangladesh, Mirpur 14, Bangladesh, Mirpur 14, Bangladesh, Mirpur 14, 1200, Bangladesh",
59,Popular diagnostic centre Barishal,,
60,AURORA SPECIALISED HOSPITAL,,
61,Ibn Sina Diagnostic & Consultation Center | Rajshahi,,
62,Salman Hospital and Diagnostic,,
63,Maa-Sishu-Diabetic Hospital,,
64,Revive Dental Care,,
65,"IBN SINA D lab , Dinamondi 9/A",,
66,SIBL foundation hospital,,
67,AMZ hospital,,
68,Affinity Dental Care,,
69,"Ibn Sina D. Lab & Consultation Center, Uttara","House#52 Gareeb-e-Nawaz Ave, Sector#13, Uttara, Dhaka-1230, Bangladesh",Dhaka
70,Green Life Hospital Ltd.,"MAK Khan Tower, 31 and 31/1, Bir Uttam K.M. Shafiullah Sarak, Green Road, 24, Dhanmondi, Dhaka-1205, Bangladesh",Dhaka
71,"Ibn Sina Hospital, Maijdee, Noakhali -Room 303 (Friday - 10am to 3pm)",,
72,"Trust One Hospital, Maijdee, Noakhali. (Thursday- 5pm to 10pm)(Friday - 3pm to 7pm)",,
73,CSCR Hospital & Diagnostic Center | Chittagong,"1675/A, O.R. Nizam Road, Chittagong-4000, Bangladesh",Chittagong
74,Moon Hospital Ltd. | Comilla,,
75,Khidmah Hospital Private Limited,"C-287/2-3 , Bishwa Road, Dhaka-1219, Bangladesh",Dhaka
76,"Mid Town Hospital, Agorpur Road, Barishal.",,Barishal
77,"নেছাড়াবাদ ডিজিটাল ল্যাব, স্বরুপকাঠী বাজার, বরিশাল।",,
78,Asgar Ali Hospital,"111/1/A Distillery Road (Beside Dhupkhola Playground), Dayagabj, Gendaria, 23, Gendaria, Dhaka-1204, Bangladesh",Dhaka
79,Islami Bank Hospital & Cardiac Center Mirpur,"Plot: 19-22, Main Road, Section:07, Pallabi, Mirpur 11, Bangladesh, Mirpur 11, Mirpur, Dhaka-1216, Bangladesh",Dhaka
80,Best Colorectal and Gastroenterology Centre (BCGC),,
81,Popular Diagnostic Centre Ltd. | Bogura,"H # 12/305, Thanthania Bus-Stand Sherpur Road, Bogra-5800, Bangladesh",
82,Dhaka Community Medical College & Hospital Ltd.,,
83,Matador Diagnostic and Wellness Centre,,
84,Wadud Optics,"Shop No-6, Capital Super Market, 106 Green Rd, Dhaka 1215, Appointment: 01816006961, Farmgate, Bangladesh, Farmgate, 1215, Bangladesh",Dhaka
85,Shandhani Optical,,
86,Ispahani Islamia Eye Institute and Hospital,,
87,Dhaka Trauma Center And Specialised Orthopedic Hospital Ltd.,"23/6 rupayan shelford (3rd floor),opposite of city bank,shaymoly, Dhaka-1207, Bangladesh",Dhaka
88,Universal Medical College Hospital Limited,"74G/75, Pea-cock Square, New Airport Road, Dhaka-1215, Bangladesh",Dhaka
89,Al-Rajhi Hospital Ltd.,,Dhaka
90,Popular Diagnostic Centre Ltd. | Rangpur,,
91,Parkview Hospital Ltd. | Chittagong,"94/103 Road No 3, Chittagong-4000, Bangladesh",Chittagong
92,Evercare Hospital | Chattogram,"Plot No. H1, Anannya CDA Residential Area, Oxygen - Kuwaish Rd, Chittagong-4337, Bangladesh",Chittagong
93,Central Hospital Limited,"House # 02, Road # 05, Green Road, Dhanmondi, Dhaka, Dhaka-1205, Bangladesh",Dhaka
94,Mirpur General Hospital | Kalshi,"Plot-10, Road-4/5, Block-B, Section-12, Kalshi Road, Dhaka-1216, Bangladesh",Dhaka
95,Ibn Sina Diagnostic Center | Malibag,,Dhaka
96,Max Hospital and Diagnostics Ltd. | Chittagong,"35/36 Mehedibag, Chittagong-4000, Bangladesh",Chittagong
97,Chattogram Metropolitan Hospital Limited,"698/752, O.R. Nizam Road, Panchlish, Chittagong-4000, Bangladesh",Chittagong
98,Chevron Clinical Laboratory (Pte.) Ltd. | Chittagong,"12, 12 O.R. Nizam Rd, Chittagong-4203, Bangladesh",Chittagong
99,National Hospital Chattogram & Sigma Lab Ltd.,"14/15,Mehedibug, Chittagong-4000, Bangladesh",Chittagong
100,Memon Maternity Hospital | Chittagong,"55 Strand Road, Chittagong-4000, Bangladesh",Chittagong
101,Delta Health Care | Chattogram,"28 Mirzapul Rd, Chittagong-4212, Bangladesh",Chittagong
102,Surgiscope Hospital Ltd. | Chittagong,"K.B Fazlul Kader Road, Punchlish, Chittagong., Chittagong-4212, Bangladesh",Chittagong
103,Epic Health Care Ltd. | Chittagong,"Epic Center, 19 k.b Fazlul Kader Road, Chittagong-4000, Bangladesh",Chittagong
104,Popular Diagnostic Centre Ltd. | Barishal,,Barishal
105,Ibn Sina Diagnostic & Consultation Center | Chattogram,"H#12/A Road #02, Katalganj R/A, Panchlaish, Chittagong-4203, Bangladesh",Chittagong
106,Ibn Sina Diagnostic & Consultation Center | Bogura,"House # 1103/1116, Kanochgari, Sherpur Road, Bogra-5800, Bangladesh",
107,Probin Hospital,"Sayed Mahbub Morshed Rd, Dhaka-1207, Bangladesh",Dhaka
108,Fair Lab Diagnostic & Consultation Center,"House# 20/5, Babar Road, Block-B, Mohammadpur, Dhaka-1207, Bangladesh",Dhaka
109,Ibn Sina Hospital & Diagnostic Center | Jessore,"House No # 68, Jail Road, Daratana, Jessore-7400, Bangladesh",
110,Labaid Specialized Hospital | Dhanmondi,"House: 1 and, 6 Road No 4, Mirpur Road, Dhanmondi, 32, Dhanmondi, Dhaka-1205, Bangladesh",Dhaka
111,Popular Diagnostic Centre Ltd. | Mirpur (Unit 1),"Address: House # 67, Avenue # 5, Block # C, Section-6 Mirpur, (Original-10),Pallabi, Dhaka, Dhaka-1216, Bangladesh",Dhaka
112,Digital Hospital Coxsbazar Pvt Ltd.| Cox's Bazar,"Near General Hospital, Hospital Rd, Cox's Bazar-4700, Bangladesh",
113,"Khidmah Specialised Hospital, Tangail",,
114,Bondhu Counselling Center,,
115,Popular Diagnostic Centre Ltd. | Badda,"Cha-90/2, North Badda (Pragoti Sharoni), 39, Badda, Dhaka-1212, Bangladesh",Dhaka
116,Popular Drug House,,
117,Popular Diagnostic Centre Ltd. | Uttara (Unit 1),"House # 21, Road # 7, Sector # 4, Jashim Uddin More, Uttara, 40, Uttara, Dhaka-1230, Bangladesh",Dhaka
118,Popular Diagnostic Centre Ltd. | Shyamoli,"22/7 A S M Nuruzzaman Road, Block-B, Babor Road, Mohammadpur, Dhaka-1207, Bangladesh",Dhaka
119,Medipath Diagnostic Complex,,
120,Royal Aid Hospital Ltd.,"427/C, Khilgaon, Dhaka-1219, Bangladesh",Dhaka
121,Popular Diagnostic Centre Ltd. | Shantinagar,"House # 11, Shantinagar , Motijheel, 4, Paltan, Dhaka-1217, Bangladesh",Dhaka
122,Ibn Sina Diagnostic & Imaging Center | Dhanmondi,"House: 48, Road: 9A, Dhanmondi R/A, 28, Dhanmondi, Dhaka-1209, Bangladesh",Dhaka
123,Ibn Sina Specialized Hospital | Dhanmondi,"House : 68, Road: 15/A, Dhanmoni R/A, 30, Dhanmondi, Dhaka-1209, Bangladesh",Dhaka
124,Savar Prime Hospital,"Holding #A-89, Savar Thana Road, Dhaka-1340, Bangladesh",Dhaka
125,BRAC Healthcare | Uttara,"House # 15 Road No. 12, Dhaka-1230, Bangladesh",Dhaka
126,Bangladesh Multicare Hospital Ltd.,"382, West Rampura, DIT Road, Dhaka-1219, Bangladesh",Dhaka
127,BRAC Healthcare | Siddheswari,"116/1 Siddheswari Circular Road, Maghbazar, Dhaka-1205, Bangladesh",Dhaka
128,K.Ali Hospital | Comilla,"212, Shahid Khwaja Nizamuddin Bhuiyan Road Jhautala, Comilla-3500, Bangladesh",
129,Doctors Lab & Hospital,"943, Kajla Par (Formerly Ideal Laboratory School) 200 Yards East of Flyover, Demra Road, Jatrabari, Dhaka-1236, Bangladesh",Dhaka
130,Human Aid Research Lab and Hospital,"54 Darus Salam Rd, Mirpur, Dhaka-1216, Bangladesh",Dhaka
131,F.A Memorial Hospital,,
132,Tropical Hospital & Diagnostic Centre Pvt. Ltd.,"Staff Quarter, Haji Hossain Plaza, Demra, Dhaka-1360, Bangladesh",Dhaka
133,Proshanti Hospital,"Malibagh, Bangladesh, Malibagh, 1217, Bangladesh",
134,Modern Diagnostic Centre,,
135,General Diagnostic Centre,,
136,Samakal Diagnostic Complex and Consultation Center,"36/A Shahid Faruqe Road, Jatrabari, Dhaka-1204, Bangladesh",Dhaka
137,Doctors Zone Diagnostic and Consultation Centre,"22, Mahmudul Haque Khan Plaza, Rayerbagh Bus Stand, Kadmatli, Dhaka-1362, Bangladesh",Dhaka
138,Lake City Medical Limited,"KH-48/3 Sardar Market (2nd Floor), Battala Mor, Khilkhet, Dhaka-1229, Bangladesh",Dhaka
139,Purbachal Diagnostics,"KH-48/3 Sardar Market (2nd Floor), Battala Mor, Khilkhet, Dhaka-1229, Bangladesh",Dhaka
140,Ahmed Specialized Hospital Ltd.,"63, Majed Sardar Road, Chankharpool, Dhaka-1000, Bangladesh",Dhaka
141,Comfort Diagnostic Center (Pvt.) Ltd | Dhanmondi,"167/B, Comfort Tower, Green Road, 24, Dhanmondi, Dhaka-1205, Bangladesh",Dhaka
142,Popular Diagnostic Centre Ltd. | Gazipur,,
143,"Delta Hospital Ltd, Mirpur 1, Dhaka","Mirpur 1, Bangladesh, Mirpur 1, 1216, Bangladesh",Dhaka
144,Lakecity Diagnostic and Consultation Center,"48/A, Sharder Market, Bottala, Khilkhet, Dhaka-1229, Bangladesh",Dhaka
145,MMM Hospital and Diagnostic Center,"Tetul Tala, Khilkhet, Dhaka-1229, Bangladesh",Dhaka
146,Prescription Point Ltd. | Banani,"House-105, Road-12, Block-E, Banani, 35, Gulshan, Dhaka-1213, Bangladesh",Dhaka
147,Digilab Medical Services Ltd. | Rampura,"318 DIT Rd, Opposite of BTV Bhaban, Dhaka-1219, Bangladesh",Dhaka
148,Holy Aid Hospital Ltd.,"Lake View Sarker Plaza, Hazinagar, Sarulia,, Demra, Dhaka-1361, Bangladesh",Dhaka
149,Health Point Diagnostic Services,"Adept Moitry Complex (2nd Floor), 571 ECB Chattor, Dhaka-1206, Bangladesh",Dhaka
150,The Dhaka Islamia General Hospital and Diagnostic Centre,"Prara Dogair, Beside Takoa jame masjid, Jatrabari, Dhaka-1362, Bangladesh",Dhaka
151,New Medi Fair Diagnostic and Consultation Center,"Holding no-CB-211/7, Jesmin Tower, Road-Kachukhet Main Road, Kochukhet, Cantonment, Dhaka-1361, Bangladesh",Dhaka
152,Marks Consultation Centre,"Siraj Market (2nd Floor), Kachukshet, Dhaka-1206, Bangladesh",Dhaka
153,"Mohakhali General Hospital, Warelessgate Mohakhali",,
154,Shaheed Monsur Ali Medical College & Hospital,"Plot# 26 & 26/A, Road # 10, Sector # 11, Uttara Model Town, Dhaka-1230, Bangladesh",Dhaka
155,Long Life Hospital Ltd.,"161/A, Lake Circus, Kalabagan, Dhaka-1205, Bangladesh",Dhaka
156,Omega Hospital,"Opposite Pratyasha Bridge), Vatulia, Kamarpara, Turag, Uttara, Dhaka-1230, Bangladesh",Dhaka
157,Bangladesh City Hospital Ltd.,"Sun Plaza, Ruhitpur Bazar, Keranigonj Model, Dhaka-1310, Bangladesh",Dhaka
158,Metro Diagnostic and Doctors Chamber,"House: 15, Road: 7, Block: C, Niketon, Dhaka-1212, Bangladesh",Dhaka
159,Marine Healthcare Hospital and Diagnostic Centre,"KA-196/1/B, Marine Tower, Tatultola, Khilkhet, Airport, Dhaka-1229, Bangladesh",Dhaka
160,Remicon Health Services Ltd.,"Mirpur 14, 9 Kochukhet Road (opposite of Basic Bank), Dhaka-1206, Bangladesh",Dhaka
161,Medi Hope General Hospital,"Saad Super Market, Paradgair, Konapara, Demra, Dhaka-1360, Bangladesh",Dhaka
162,Cantonment Diagnostic Centre,"Rajinigandha Tower, Lift Er-3 (4th Floor), Ibrahimpur, Chowrasta, Kachukhet Bazar, Dhaka Cantonment, Dhaka-1206, Bangladesh",Dhaka
163,Kanak General Hospital Ltd.,"Mouchak Bus Stand, Siddhirganj, Narayanganj, Jatrabari, Dhaka-1450, Bangladesh",Dhaka
164,Imperial Private Health Care (BD) Ltd.,"Rupayan Trade center(3rd floor) 114 Kazi Nazrul Islam Avenue, Dhaka-1000, Bangladesh",Dhaka
165,Safwan General Hospital Ltd.,"House No-161 (N/82), West Ashrafabad (Next to Police Station), Kamrangirchar, Dhaka-1211, Bangladesh",Dhaka
166,Life & Care Hospital Ltd.,"495/ 1 Jhauchar, West Hazaribagh, Dhaka-1211, Bangladesh",Dhaka
167,Medi-Com Diagnostic Centre,"48/2-A, Azimpur, Etimkhana Market, New Market, Dhaka-1205, Bangladesh",Dhaka
168,Combined Hospital Ltd,"1090/1 Ibrahimpur Bazar Road (100 yards west of Pulpar), Kafrul, Dhaka-1206, Bangladesh",Dhaka
169,Aziz Lab and Consultation Center,"84/4 West Vashantek, Dhaka-1206, Bangladesh",Dhaka
170,Alliance Hospital Ltd.,"24/3 Khilji Road (Ring Road), Shymoli, Adabor, Dhaka-1207, Bangladesh",Dhaka
171,Porichorja Digital Hospital Ltd.,"Chowrasta, Chunkutia, Dhaka-1310, Bangladesh",Dhaka
172,Islami Bank Central Hospital | Mirpur,"Plot-31, Main Road-03, Block-D, Section-11, Dhaka-1216, Bangladesh",Dhaka
173,Saleha Diagnostic Center,"London Market, Shanarpar, Mirpur, Dhaka-1361, Bangladesh",Dhaka
174,Digital Square Hospital Ltd.,"Chowrasta, Girls School Rd, Keraniganj, Chawk Bazar, Dhaka-1310, Bangladesh",Dhaka
175,Ibn Sina Diagnostic & Consultation Centre |  Keraniganj,"1-2 floors, Ma Plaza , Model Town,  Aga Nagar Union Parishad Hospital Rd, Dhaka-1310, Bangladesh",Dhaka
176,Ibn Sina Diagnostic & Consultation Centre | Uttara,"House#52 Gareeb-e-Nawaz Ave, Sector#13, Uttara, Dhaka-1230, Bangladesh",Dhaka
177,MIM-Special Consultation Centre,"House #190/A, Road #09, Tilpapara Khilgao, Dhaka-1219, Bangladesh",Dhaka
178,Fatima Diagnostic and Medical Center,"Haji Abdul Barek Road, Aganagar Bara Mosque (below Sapna Community Centre), Keraniganj, Dhaka-1310, Bangladesh",Dhaka
179,National Diagnostic Center and Specialist Consultation,"6/5, Humayun Road, Block-B, Mohammadpur, Dhaka-1207, Bangladesh",Dhaka
180,Prime Asia Hospital and Diagnostic Center,"Ekta Complex, 83/89, New Town, R/A, Haji Badsha Mia Road, Matuail, Demra, Dhaka-1362, Bangladesh",Dhaka
181,Radical Hospital Ltd.,"35 Shah Makhdum Avenue,Sector-12,Uttara, Dhaka-1230, Bangladesh",Dhaka
182,Rezia Taleb Hospital Ltd.,"Chunkutia Chowrasta, Chan Mia Madrasa Road, South Keraniganj, Dhaka-1310, Bangladesh",Dhaka
183,Bhashantek Clinic and Diagnostic Center,"House No-288/5, Bhashantek Bazar, Dhaka Cantonment, Dhaka-1206, Bangladesh",Dhaka
184,Sahana Clinic,"Shubhadhya Purva Para (Corner of Ground), Soap Factory Road, South Keraniganj, Dhaka-1310, Bangladesh",Dhaka
185,Dhaka Lab,"1/20, Humayun Rd, Mohammadpur, Dhaka-1207, Bangladesh",Dhaka
186,Kadomatoli General Hospital,"Palash Complex, Kadmatoli Gol Chatwar (West Side), South Keraniganj, Dhaka-1310, Bangladesh",Dhaka
187,Green Health Hospital,"4, 5, Mitford Road, Mitford Tower, Dhaka-1100, Bangladesh",Dhaka
188,Islami Bank Hospital & Cardiac Centre | Mirpur,"Plot- 19, 20, 21, 22 Main Road- 3, Dhaka-1216, Bangladesh",Dhaka
189,Anwer Khan Modern Medical College Hospital,"House 17,Road 8, Dhanmondi R/A, 3, Dhanmondi, Dhaka-1205, Bangladesh",Dhaka
190,Dhanmondi General and Kidney Hospital Limited,"City Tower, 44/7 Panthapath, Dhaka-1205, Bangladesh",Dhaka
191,LABAID Diagnostic | Gulshan,"Gulshan Medical Center, House-13/A, Road-35, Gulshan-02, Dhaka-1212, Bangladesh",Dhaka
192,Lake View Clinic,"House: 5, Road: 79, Gulshan -2, 9, Gulshan, Dhaka-1212, Bangladesh",Dhaka
193,Aurora Skin & Hair Research Institute,"Union Heights, Level - 4, 55/2, West Panthapath, Dhaka-1205, Bangladesh",Dhaka
194,Senior Citizen Hospital Ltd.,"House No #8, Road No #8, Block #J, Baridhara, Dhaka-1212, Bangladesh",Dhaka
195,Greenland Hospital Ltd.,"H #112, Road # 13, Sector # 10, Uttara, Dhaka-1230, Bangladesh",Dhaka
196,Al Mutma'innah Maa O Shishu Hospital,"5, Outer Circular Road, Rajarbagh, Dhaka-1217, Bangladesh",Dhaka
197,CIMEC Health,"Plot # 17 (Lift- 8), Road # 6, Dhanmondi, Dhaka-1205, Bangladesh",Dhaka
198,Praava Health,"Plot 9, Road 17, Block C, Banani, Dhaka 1213, Bangladesh, Dhaka-1213, Bangladesh",Dhaka
199,Maxaid Diagnostic Center,"720/1/1 Basila Road, Mohammadpur, Dhaka-1209, Bangladesh",Dhaka
200,Gulshan Maa O Shishu Clinic Ltd.,"House # A - 40/2, Jagannathpur, Progoti Sarani, Nodda Bus Stand (Beside Footover Bridge),, Dhaka-1212, Bangladesh",Dhaka
201,Impulse Hospital Ltd.,"304/E Shaheed Tazuddin Avenue, Dhaka 1215, Dhaka-1215, Bangladesh",Dhaka
202,Kingston Hospital Ltd.,"House: 51-54, Road: 01 & 02, Block: D, Shahidbag, mirpur-12, Dhaka-1216, Bangladesh",Dhaka
203,Cure Specialized Hospital Ltd.,"109, OLD AIRPORT ROAD, BIJOY SARANI, Dhaka-1205, Bangladesh",Dhaka
204,Dr. Azmal Hospital Ltd.,"Plot NO#5, Road#4, Block#A, Section#6, Mirpur, Dhaka-1216, Bangladesh",Dhaka
205,Al Helal Specialized Hospital,"150, Begum Rokeya Sarani, Mirpur-10, 21, Mirpur, Dhaka-1216, Bangladesh",Dhaka
206,Banani Clinic Ltd. & Specialized Hospital,"House # 116, Road # 15, Block-C, Banani, Dhaka-1213, Bangladesh",Dhaka
207,Prime Bank Eye Hospital Ltd.,"House-82, Road- 8/A(New), Satmosjid Road, Dhanmondi, Dhaka-1209, Bangladesh",Dhaka
208,Prime General Hospital & Digital Diagnostic Center,"1/1,Gajnabi Road, Muktijoddha Tower-1, Collagegate, Mohammadpur, Dhaka-1207, Bangladesh",Dhaka
209,Lab Science Diagnostics,"153/1, Green Road, Dhanmondi, Dhaka-1205, Bangladesh",Dhaka
210,NIRAMOY Hospital,"13/19, Block-B, Babor Road, Mohammadpur, Dhaka-1207, Bangladesh",Dhaka
211,Surecell Medical BD Ltd.,"Plot-2, Road-21, Gulshan-1, Dhaka-1212, Bangladesh",Dhaka
212,Centre for Kidney Diseases & Urology Hospital,"32 Road No. 3, Dhaka-1207, Bangladesh",Dhaka
213,Doctors Clinic & Hospital Ltd.,"35 No Mitford Rd, Bangshal, Dhaka-1100, Bangladesh",Dhaka
214,MediLife Diagnostic & Consultation Center | Narayangonj,"2 no, Rail Gait, Green Supermarket (3rd Floor), Bangabondhu Sarak, Narayanganj,, BB Road, Fotullah, Narayanganj-1400, Bangladesh",
215,Super Medical Hospital Ltd.,"B-119/3 jalessor (near razzak plaza), Savar, Dhaka-1340, Bangladesh",Dhaka
216,LABAID Diagnostic Malibag,,
217,Chokher Seba Clinic,,
218,Bangladesh Eye Hospital | Mirpur,,
219,Dhaka Paediatric-Neonatal & General Hospital.,"House No:75, Road-5/A, (Nilu Squre), Satmasjid Road Opposite of Anam Rangs Plaza, Dhanmondi, Dhaka-1209, Bangladesh",Dhaka
220,Chum Wellness,"126/3, Monipuri Para, Gate No – 1, Dhaka-1215, Bangladesh",Dhaka
221,Al-Karim General Hospital Ltd,"17/A, Haji Borhanuddin Tower, Sayedabad Uttar, Dhaka-1100, Bangladesh",Dhaka
222,Evercare Hospital Dhaka,"Plot 81, Block: E, Bashundhara R/A, 6, Vatara, Dhaka-1229, Bangladesh",Dhaka
223,Deen Mohd. Eye Hospital & Research Center,"2nd Floor, 4, 1/A Sobhanbag Rd, Dhaka, Dhaka-1205, Bangladesh",Dhaka
224,Lifeline Consultation & Diagnostic Ltd.,"Adept Amir Complex, K-3/1-C (3rd Floor), Bashundhara Road, Jagonathpur, Vatara, Dhaka-1229, Bangladesh",Dhaka
225,Ad-din Medical College Hospital,"2 Bara Maghbazar, Outer Circular Rd, Dhaka-1217, Bangladesh",Dhaka
226,"Universal Medical College and Hospital, i(Ex Ayesha memorial hospital), Mohakhali, Opposite of Raowa club",,
227,"Universal Medical College and Hospital, Room 906Mohakhali",,
228,Medinova Medical Services | Narayanganj,"Zakir Super Market, K C Nag Rd, Narayanganj-1400, Bangladesh",
229,Confirm Diagnostic Limited,"23/B, MC Roy Lane, Pilkhan Road, BGB No1 Gate, Dhaka 1211, Dhaka-1211, Bangladesh",Dhaka
230,Bangladesh Paediatric Neurocare Centre,"44/7 City Tower,10th Floor, Panthapath, Dhaka-1205, Bangladesh",Dhaka
231,Trauma Center & AO Orthopaedic Hospital,"22/8/A, Mirpur Road, Shyamoli, Dhaka-1207, Bangladesh",Dhaka
232,Nagorik Specialized Hospital Ltd.,"House#59, Block-C, Main Road, Dhaka-1212, Bangladesh",Dhaka
233,MH Samorita Hospital and Medical College,"117 Tejgaon, Love Rd, Dhaka-1208, Bangladesh",Dhaka
234,DPRC Hospital LTD.,"12/1 Ring Road, Shyamoli, Dhaka-1207, Bangladesh",Dhaka
235,Health care Diagnostics and hospital | khoksa,,
236,"Bangladesh Eye Hospital, Zigatola Ltd",,Dhaka
237,Hi-Care General Hospital Ltd.,"House#24 & 26 , Lake Drive Road, Sector#7, Uttara Model Town, Dhaka-1230, Bangladesh",Dhaka
238,"Ibn Sina Diagnostic Centre, Malibagh, Dhaka",,Dhaka
239,"Popular Diagnostic Center, Barishal",,
240,"Super Medical Hospital, Savar, Dhaka",,
241,Basabo Multicare Hospital Ltd.,"127, Central Basabo, Sabujbag, Dhaka, Central Bashabo, near Tempu Stand, Sobujbag, Basabo, Dhaka-1214, Bangladesh",Dhaka
242,Samorita Hospital Limited,"89/1, Panthapath, Dhaka-1215, Bangladesh",Dhaka
243,Islamia Diagnostic & consultation Center,"729/C, Road-548/C, Dhaka-1219, Bangladesh",Dhaka
244,Unity Aid Hospital Ltd.,"House # 1-2, Block # D, Main Road, South Banasree, 36, Khilgaon, Dhaka-1219, Bangladesh",Dhaka
245,Cognitive Cure,,
246,Bangladesh Fertility Hospital,"Plot 10, Block E, Banasree Main Rd, Dhaka-1219, Bangladesh",Dhaka
247,Bashuti Maa O Shishu Hospital Ltd.,"House-2, Main Road, Block-G Banasree, Rampura, Dhaka-1219, Bangladesh",Dhaka
248,Al-Razi Islamia Hospital (Pvt) Ltd.,"10 Main Road, Block: G, Banasree, 10, Rampura, Dhaka-1219, Bangladesh",Dhaka
249,Famous Specialized Hospital Ltd.,"House-05, Block-H Main Road, Dhaka-1219, Bangladesh",Dhaka
250,Yamagata Dhaka Friendship Hospital Ltd.,"Plot-23, Road, 3 Ave No. 8, Dhaka-1219, Bangladesh",Dhaka
251,Advance Hospital Ltd.,"House #1, Main Road, Block #F, Dhaka-1219, Bangladesh",Dhaka
252,Dristi Eye Hospital | Banasree,"House # 48, Road # 4, Block # E, Banasree, Rampura, Meradia, Bangladesh, Dhaka-1219, Bangladesh",Dhaka
253,Hikmah Eye Hospital,"C-287/15, Atish Diponker Road, Dhaka-1219, Bangladesh",Dhaka
254,Peoples Hospital Ltd.,"5-B Shahid Baki Rd, Dhaka-1219, Bangladesh",Dhaka
255,A - One Hospital Ltd.,"260/6 Malibag More (Oposite Hosaf tower, EX- Dhaka Biggan Collage, Dhaka-1217, Bangladesh",Dhaka
256,"Popular Diagnostic Centre, Unit 2, Room 307, Sector 4, Uttara, Dhaka","Uttara , Bangladesh, Uttara, 1230, Bangladesh",Dhaka
257,Upasham Health Point Pvt. Ltd.,"H-14, R-2/B, J Block, Baridhara, Vatara, Dhaka-1212, Bangladesh",Dhaka
258,Bangladesh Eye Hospital | Malibagh,"Gemcon Business Center, 255, New Circular Road, Malibagh, Dhaka-1217, Bangladesh",Dhaka
259,Delta Health Care | Jatrabari,"169/1B, West Dholaipar Jatrabari, Dhaka-1204, Bangladesh",Dhaka
260,Delta Health Care | Rampura,"381/A, West Rampura, DIT Rd, Dhaka-1219, Bangladesh",Dhaka
261,Selina General Hospital & Diagnostic Centre Ltd.,"282/1, 1st Colony, Mazar Road, Mirpur, Dhaka-1216, Bangladesh",Dhaka
262,Ashiyan Medical College Hospital Ltd.,"Barua, Khilkhet, Dhaka-1229, Dhaka-1229, Bangladesh",Dhaka
263,Farazy Dental and Research Center,"House#10, Block-H, Road-8, Avenue Road, South Banasree, Dhaka-1219, Bangladesh",Dhaka
264,Ibn Sina Diagnostic & Consultation Center | Mirpur,"House#11, Haji Road, Avenue 3, Shialbari Mor, Rupnagar, Mirpur-2, 27, Mirpur, Dhaka-1216, Bangladesh",Dhaka
265,Farazy diagnostic & Hospital | Natun Bazar,"1204, Madani Avenue, 100 Feet Road, Baridhara, Natun Bazar, Dhaka-1212, Bangladesh",Dhaka
266,"Anwer Khan Modern Diagnostic Centre, Banani",,
267,"Famous Specialized Hospital, Dhaka",,
268,Delta Healthcare Ltd. Rampura,,
269,"Labaid Ltd. Diagnotic, Malibagh",,
270,"Labaid Ltd. Diagnostic, Feni",,
271,"Labaid Ltd. Diagnostic, Noakhali",,
272,Popular Diagnostic Centre Ltd. Noakhali,,
273,"Medilab Specialized Hospital, Feni",,
274,"Labaid Iconic Diagnostic, Kalabagan",,
275,Green Eye Hospital Ltd.,"3rd & 4th floor, Rupayan Khan Plaza, Road # 7, Dhanmondi, Dhaka-1205, Bangladesh",Dhaka
276,Bangladesh Lions Eye Hospital Ltd.,"Lions Bhaban, Begum Rokeya Sarani, Agargaon, Dhaka-1207, Bangladesh",Dhaka
277,Anwer Khan Modern Diagnostic Centre | Banani,"Block-G, Plot No, 11 Road No. 11, Dhaka-1213, Bangladesh",Dhaka
278,International Medical College Hospital Ltd.,"Gushulia, Sataish, Tongi, Gazipur, Dhaka-1711, Bangladesh",Dhaka
279,Times Multicare Hospital Ltd.,,Dhaka
280,"Medifare Diagnostic Centre, Nasirnagar, Brahmanbaria.",,
281,Central Bashabo General Hospital Ltd.,"127, Central Basabo, Sabujbag, Dhaka-1214, Bangladesh",Dhaka
282,Dhaka Imperial Hospital Ltd.,"Mymensingh Road,Holding#05, Ward#03, Hossain Market, Tongi, Dhaka-1216, Bangladesh",Dhaka
283,Module General Hospital Ltd.,"1/G/3, Paribag,(Beside Mosque), Hatirpul,Dhaka., Dhaka-1205, Bangladesh",Dhaka
284,US-Bangla Medical College & Hospital,"77 Dhaka - Sylhet Hwy, South Rupshi, 41, Rupgonj, Narayanganj-1213, Bangladesh",Dhaka
285,Monowara Hospital Private Limited,"54 Siddheswari Road, Ramna, 34, Ramna, Dhaka-1217, Bangladesh",Dhaka
286,Aurora Specialized Hospital Ltd.,"19/1 Khulna Trade Square, opposite Karnafuli Garden City, Bir Uttam Samsul Alam Sarak, Kakrail, Dhaka, Dhaka-1000, Bangladesh",Dhaka
287,Subang Jaya Medical Centre | Malaysia,,
288,City Hospital Ltd.,"1/8, Block-E, Lalmatia, Satmosjid Road, Mohammadpur (House No#1, 8 Satmasjid Road), Dhaka-1207, Bangladesh",Dhaka
289,Avenue Dental Care,"Old) 16 (new, House 45 Road No. 1, Dhaka-1209, Bangladesh",Dhaka
290,B N K Hospital Ltd.,"7/A Shiddheswari - Malibag Mor Rd, Ramna, Dhaka-1217, Bangladesh",Dhaka
291,Ibn Sina Diagnostic & Consultation Center | Jatrabari,,
292,Noble Care Hospital & Diagnostic Ltd.,"246/1C/15, West Agargaon, Sher-E-Bangla Nagar, Dhaka-1207, Bangladesh",Dhaka
293,Monno Medical College & Hospital Ltd.,"Monno City, Gilondo, Dhaka-1840, Bangladesh",Dhaka
294,SIBL Foundation Hospital & Diagnostic Center,"Fattah Plaza, পান্থপথ, 70 Green Rd, Dhaka-1205, Bangladesh",Dhaka
295,The Barakah General Hospital Ltd.,"No 2, Opposite, Police line Gate, 937 Outer Circular Rd, Dhaka 1000, Dhaka-1000, Bangladesh",Dhaka
296,Rushmono Specialized Hospital,"Mogbazar Plaza, 209 Outer Circular Road, Mogbazar, 19, Ramna, Dhaka-1217, Bangladesh",Dhaka
297,Doctors4theWorld by e2D Education Services,,Dhaka
298,Global Specialized Hospital,"Almas Tower 282/1, 1st Colony, Mazar Road, Mirpur-1, Dhaka, Bangladesh, Dhaka-1219, Bangladesh",Dhaka
299,Healthcare Diagnostic Center Ltd,"23/2, Khilji Road, Block-B, Shyamoli,, Dhaka-1207, Bangladesh",Dhaka
300,Salauddin Specialized Hospital Ltd.,"4/A, Hatkhola Road, Tikatuli, Wari, Gendaria, Dhaka, 1203, Bangladesh, Dhaka-1203, Bangladesh",Dhaka
301,Padma Diagnostic Centre Ltd,"245/2 New Circular Road, W Malibagh, Dhaka, Dhaka-1217, Bangladesh",Dhaka
302,Rainbow Heart Ltd. Diagnostic Center,"68, Satmasjid Road, Dhaka, Dhaka-1209, Bangladesh",Dhaka
303,Dhanmondi Diagnostic & Consultation Center,"2nd & 3rd floor, 79 (old 779), Satmasjid Road, 3, Dhanmondi, Dhaka-1205, Bangladesh",Dhaka
304,Pan Pacific Hospital Ltd.,"24, Outer Circular Road, Motijheel, PirJongi Mazer, Shajahanpur, Dhaka-1217, Bangladesh",Dhaka
305,Better Life Hospital,"1, 1 Sahid Muktijoddha Faruk Iqbal And Taslim Rd, Dhaka, Dhaka-1219, Bangladesh",Dhaka
306,Hitech Multicare Hospital Limited,"164 East Kafrul Road, 26, Kafrul, Dhaka-1206, Bangladesh",Dhaka
307,Lubana General Hospital,"09 Gareeb-e-Nawaz Ave, Dhaka-1230, Bangladesh",Dhaka
308,Baridhara General Hospital Limited,"Ka-54/1 Progoti Sharani, Nadda, Dhaka-1212, Bangladesh",Dhaka
309,Japan Bangladesh Friendship Hospital,,Dhaka
310,Dr. M R Khan Shishu Hospital & Institute of Child Health,"6/2, Section-02, Dhaka-1216, Bangladesh",Dhaka
311,Gulshan Clinic Ltd.,"13 Ga, Progoti Sarani,Shahjadpur Gulshan, Dhaka-1212, Bangladesh",Dhaka
312,Bangladesh Neonatal Hospital Ltd.,"Hospital Tower, House # E-206/1, Signboard Mor, Narayangonj, Dhaka-1430, Bangladesh",Dhaka
313,Uttara Crescent Hospital & Diagnostic Center,"House 40, Rabindra Sarani , Sector 7, Uttara, 37, Uttara, Dhaka-1230, Bangladesh",Dhaka
314,Pro-Active Medical College Hospital Ltd.,"E-197/7, Mizmizi, Shahebpara, (Signboard), Dhaka-1430, Bangladesh",Dhaka
315,AMZ Hospital Ltd.,"Cha- 80/3, Shadhinota Sarani (Progati Sarani), Dhaka-1212, Bangladesh",Dhaka
316,Dhaka Central International Medical College Hospital,"2/1, Ring Road, Shyamoli, Dhaka-1207, Bangladesh",Dhaka
317,Ibn Sina Diagnostic Center | Savar,"Savar Bazar Bus stand House # B-31/6, Jaleshwar, Aricha Road, Jaleshwar, Savar, Dhaka-1340, Bangladesh",Dhaka
318,Ibn Sina Medical College Hospital | Kallyanpur,"1/1, Mirpur Road, Kallyanpur,, Dhaka-1216, Bangladesh",Dhaka
319,SUO XI Hospital (Acupuncture),"24/1 Shaan Tower, Chamelibag, Shantinagar, Dhaka-1217, Bangladesh",Dhaka
320,Shin-Shin Japan Hospital,"17, 24 and 36 Garib-e-Newaj Avenue, Sector-11, Uttara, Uttara Paschim, Dhaka-1230, Bangladesh",Dhaka
321,Islami Bank Hospital | Mugda,"1/24/B, South Mugdhapara, Dhaka-1214, Bangladesh",Dhaka
322,BIRDEM General Hospital,"122 Kazi Nazrul Islam Ave, 11, Shahbag, Dhaka-1000, Bangladesh",Dhaka
323,LABAID Diagnostic | Uttara,"House # 15, Road # 12 Service Rd,, Dhaka-1230, Bangladesh",Dhaka
324,Specialized Medical Care (SMC) Hospital,"Home Tower, South Matuail, College Rd, Jatrabari, Dhaka-1362, Bangladesh",Dhaka
325,Popular Diagnostic Centre Ltd. | Uttara (Garib-E-Newaz Branch),"House #41, Uttara-Garib-E-Newaz Avenue, Sector # 13, Uttara,, Dhaka-1230, Bangladesh",Dhaka
326,Ibn Sina D. Lab & Consultation Center | Doyagonj,,
327,Bangladesh Specialized Hospital,"21 Shyamoli, Mirpur Road, 5, Mirpur, Dhaka-1207, Bangladesh",Dhaka
328,Popular Diagnostic Centre Ltd. | Uttara (Unit 2),,
329,York Hospital Ltd.,,
330,United Hospital Limited,,
331,The Allergy & Asthma Center,"3rd Floor, Skytouch Rajkush, 43R/5C, West Panthapath Opposite to SEL Centre & Adjacent to Samorita Hospital, Dhaka-1207, Bangladesh",Dhaka
332,Popular Diagnostic Centre Ltd. | JatraBari,"Tony Tower, 33 Shahid Faroque Rd, Dhaka, Dhaka-1204, Bangladesh",Dhaka
333,Popular Medical College Hospital,"House: 08, Road: 02, Dhanmond, Dhaka-1205, Bangladesh",Dhaka
334,Bashundhara Eye Hospital & Research Institute,"474 (A&D), Road # 5, Block – D, Bashundhara R/A, Dhaka, Dhaka-1229, Bangladesh",Dhaka
335,"Labaid Diagnostic Limited, Khulna","Sonadanga, Khulna , Bangladesh, Sonadanga, Khulna, 9100, Bangladesh",Khulna
336,Ibn Sina Diagnostic & Consultation Center | Badda,"Cha-72/1, Progoti Soroni, Dhaka-1212, Bangladesh",Dhaka
337,Ibn Sina Medical Imaging Center | Zigatola,"House #58, Road 2#A, Zigatola Bus Stand, Dhanmondi, 29, Dhanmondi, Dhaka-1209, Bangladesh",Dhaka
338,Popular Diagnostic Centre Ltd. | Savar,"Nargis Tower, House No. E/22, Talbagh, Thana Bus Stand, Dhaka - Aricha Hwy, Savar Union 1340, Bangladesh, Dhaka-1340, Bangladesh",Dhaka
339,Dr. Monira Zaman Tanvee,"Kaderabad housing, 
Mohammadpur, Dhaka,1207, road1, 
block c, house 20/21, Mohammadpur, Mohammadpur, Dhaka-1207, Bangladesh",Dhaka
340,Center for Clinical Excellence and Research,"227/1 Outer Circular Road, Moghbazar, Dhaka-1207, Bangladesh",Dhaka
341,Marks Medical College And Hospital,"The Marks Group Tower, A/3 Main Road, Mirpur, Section 12, 33, Mirpur, Dhaka-1216, Bangladesh",Dhaka
342,Popular Diagnostic Centre Ltd.| English Road,"House # 2, English Road, Dhaka, Dhaka-1100, Bangladesh",Dhaka
343,Nibedita Shishu Hospital Limited,,
344,Faith Point Diagnostic & Consultation Center,"House:65, Road:04, Hazi Badhsa Mia Road Matuail, New Town R/A,, Dhaka-1362, Bangladesh",Dhaka
345,KC Hospital & Diagnostic Center,"K C Plaza, 2620 Nowapara, Dakkhinkhan, Uttara, Dhaka-1230, Bangladesh",Dhaka
346,Physio Zone Physiotherapy Center,,
347,Ahsania Mission Cancer And General Hospital (Mirpur),"Plot: M-1/C, Section 14, Khan Bahadur Ahsanullah Road, Mirpur, Dhaka-1216, Bangladesh",Dhaka
348,Medix Dhanmondi,,Dhaka
349,Unico Hospitals PLC,,Dhaka
350,Khwaja Yunus Ali Medical College & Hospital,"-, Sirajganj-0000, Bangladesh",
351,Rx Treat Wellness Private Limited,,
352,Famous Hospital & Diagnostic Center Ltd.,,
353,Bangladesh Ent Hospital Ltd.,"Navana Newbury place(3rd floor) Opposite to Rapa Plaza,Near 27 No. Bus Stand, 4/1/A Sobahanbag Mirpur Road, 3, Dhanmondi, Dhaka-1205, Bangladesh",Dhaka
354,Bangladesh Centre For Rehabilitation,"234 /C, Katabon More, New Elephant Road, 3, Shahbag, Dhaka-1205, Bangladesh",Dhaka
355,Unique Diagnostic Center,,
356,Dr Mahi Dental & Implant Center,,
357,"ibn sina hospital,room no 425, subanighat sylhet",,Sylhet
358,"Farazy hospital, Rampura, Dhaka",,Dhaka
359,Popular Diagnostic Centre Ltd. | Dinajpur,"House #44, 1 No. Upashahar, Fulbari Bus stand, Dinajpur-5260, Bangladesh",
360,"Popular Diagnostic Center, Chittagong","Chittagong medical College hospital , Bangladesh, Chittagong medical College hospital, 4203, Bangladesh",Chittagong
361,Bright Dental Care,,Dhaka
362,Memorial Specialized Hospital,"260, Charpara ( opposite MMCH staff quarters),  Mymensingh Sadar , Charpara,Mymensingh Sadar, Bangladesh, Charpara,Mymensingh Sadar, 2803, Bangladesh",Mymensingh
363,The Peoples Hospital & Diagnostic Centre,,
364,Labaid Diagnostics | Doyagonj,"39-30/1 Doyagonj Hat lane, Sutrapur, Bangladesh, 39-30/1 Doyagonj Hat lane, Sutrapur, 1100, Bangladesh",
365,"Update diagnostic, Rangpur",,Rangpur
366,Liberty hospital ltd,,
367,"Mediscan Hospital, Shiddhirgonj pool,Chittagong Road,Dhaka",,Dhaka
368,Islami bank central Hospital,,
369,maxlife medical services,"Mitford road, old Dhaka, opposite Mitford hospital , Bangladesh, old Dhaka, opposite Mitford hospital, 1200, Bangladesh",Dhaka
370,"Somota Diagnostic centre, Jhenaidah",,
371,Nafaur’s Neurocare,,
372,Comfort Diagnostic Centre,,
373,"Ibn Sina, Chittagong",,
374,"Generic Healthcare, Mirpur","Mirpur , Bangladesh, Mirpur, 1216, Bangladesh",
375,Pancare Hospital Ltd,"Dhanmondi 27 (opposite to Rapa plaza), Bangladesh, 1207, Bangladesh",
376,Intitmate health care ltd Lalmonirhat,,
377,Intimate Health care ltd Rangpur,,
378,Nukta Foundation,,
379,Ekagra Health,"2, Dhanmondi , Bangladesh, Dhanmondi, 1206, Bangladesh",
380,"Labaid limited ( Diagnostic ), Narayanganj",,
381,"Doyal diagnostic and Hospital, Sabalia, Tangail",,
382,"Ash Shafi hospital, Mirpur- 10, Dhaka.",,Dhaka
383,Dr. Apu child care hospital and diagnostic center,,
384,Natherpetua General Hospital,,
385,Jamuna Diagnostic & Hospital,,
386,"ব্যথা নিরাময় ফিজিওথেরাপি সেন্টার , আছমত আলী খান সেন্ট্রাল হসপিটাল, মাদারীপুর সদর থানার বিপরীতে, নতুন শহর, মাদারীপুর সদর।",,
387,Maxcare clinic,,
388,"Dr Khan's Endoscopic Spine Centre, Anower Khan Modern Hospital, Road no-8, Dhanmondi, Dhaka","Road no -7, Dhanmondi , Dhanmondi , Bangladesh, Dhanmondi, Bangladesh, Dhanmondi, 1008, Bangladesh",Dhaka
389,Al-Shifa Hospital & Lab,,
390,পিলকুনি জিপি চেম্বার,,
391,Kazipara Dental Care,"679, Kazipara Mashjid Road, West Kazipara Mirpur, Dhaka- 1216, , Bangladesh, 1216, Bangladesh",Dhaka
392,Islami Bank Community Hospital,,
393,PN Health Care,,
394,Bangladesh Medical College and Hospital,"House # 34/35, Road # 14/A (New), Dhanmondi R/A, Dhaka-1219, Bangladesh",Dhaka
